Date,Store,Cellphone Model,Quantity Sold,Unit Price,Total Sales
2023-04-13,Store D,Xiaomi Mi 11,12,746.07,8952.84
2023-12-15,Store B,Xiaomi Mi 11,10,770.95,7709.5
2023-09-28,Store A,iPhone 13,7,1205.12,8435.84
2023-04-17,Store D,iPhone 13,3,1402.11,4206.33
2023-03-13,Store B,iPhone 13,14,1441.11,20175.539999999997
2023-07-08,Store D,iPhone 13,10,992.55,9925.5
2023-01-21,Store A,Moto G100,16,728.55,11656.8
2023-04-13,Store C,OnePlus 9,16,1245.06,19920.96
2023-05-02,Store A,Galaxy S21,10,601.2,6012.0
2023-08-03,Store A,Xiaomi Mi 11,13,976.89,12699.57
2023-11-27,Store A,Moto G100,6,730.29,4381.74
2023-03-29,Store A,Galaxy S21,12,1087.96,13055.52
2023-04-10,Store C,Moto G100,9,588.48,5296.32
2023-12-26,Store C,Moto G100,13,529.91,6888.83
2023-06-01,Store D,Xiaomi Mi 11,4,1401.89,5607.56
2023-05-11,Store B,OnePlus 9,11,422.16,4643.76
2023-05-30,Store C,iPhone 13,18,907.15,16328.699999999999
2023-11-05,Store C,OnePlus 9,11,565.02,6215.219999999999
2023-09-15,Store B,Xiaomi Mi 11,4,346.72,1386.88
2023-12-10,Store C,Xiaomi Mi 11,18,343.22,6177.960000000001
2023-10-21,Store A,Xiaomi Mi 11,1,510.27,510.27
2023-07-11,Store A,Galaxy S21,7,1340.12,9380.84
2023-10-04,Store B,OnePlus 9,6,638.97,3833.82
2023-06-10,Store D,OnePlus 9,15,1440.55,21608.25
2023-11-10,Store D,Moto G100,18,997.95,17963.100000000002
2023-01-22,Store B,Moto G100,11,823.94,9063.34
2023-09-10,Store B,Moto G100,15,996.11,14941.65
2023-08-24,Store A,Xiaomi Mi 11,16,920.04,14720.64
2023-12-11,Store D,OnePlus 9,7,1210.53,8473.71
2023-02-18,Store C,Xiaomi Mi 11,10,639.0,6390.0
2023-02-28,Store A,Galaxy S21,12,723.66,8683.92
2023-06-19,Store B,Moto G100,14,1372.91,19220.74
2023-07-07,Store D,Xiaomi Mi 11,5,1435.75,7178.75
2023-09-28,Store C,Xiaomi Mi 11,18,1371.07,24679.26
2023-07-09,Store C,Galaxy S21,5,803.34,4016.7000000000003
2023-06-24,Store A,iPhone 13,3,1236.44,3709.32
2023-02-20,Store D,OnePlus 9,5,871.6,4358.0
2023-12-30,Store D,iPhone 13,17,897.05,15249.849999999999
2023-02-24,Store B,Moto G100,19,545.62,10366.78
2023-09-01,Store D,Xiaomi Mi 11,19,1009.36,19177.84
2023-11-16,Store D,Galaxy S21,12,523.36,6280.32
2023-05-11,Store A,Galaxy S21,9,697.88,6280.92
2023-11-03,Store D,OnePlus 9,1,1326.04,1326.04
2023-05-15,Store C,iPhone 13,18,548.49,9872.82
2023-01-21,Store A,OnePlus 9,4,385.39,1541.56
2023-11-25,Store A,Xiaomi Mi 11,10,382.81,3828.1
2023-06-16,Store B,OnePlus 9,7,1428.94,10002.58
2023-10-01,Store D,Galaxy S21,1,908.3,908.3
2023-03-30,Store B,Galaxy S21,17,791.29,13451.93
2023-11-12,Store C,Moto G100,2,1273.05,2546.1
2023-01-14,Store A,Moto G100,11,1302.99,14332.89
2023-08-30,Store A,Xiaomi Mi 11,9,698.63,6287.67
2023-09-22,Store A,iPhone 13,7,1132.34,7926.379999999999
2023-12-12,Store C,OnePlus 9,17,1225.35,20830.949999999997
2023-02-22,Store C,Xiaomi Mi 11,17,1085.58,18454.86
2023-12-06,Store B,Moto G100,2,481.91,963.82
2023-04-02,Store B,OnePlus 9,6,1351.06,8106.36
2023-09-21,Store B,Moto G100,14,946.91,13256.74
2023-02-04,Store D,OnePlus 9,6,638.97,3833.82
2023-07-25,Store A,iPhone 13,2,810.27,1620.54
2023-03-22,Store A,Xiaomi Mi 11,1,345.09,345.09
2023-02-19,Store B,OnePlus 9,10,453.44,4534.4
2023-12-26,Store A,Galaxy S21,5,1218.66,6093.3
2023-01-02,Store B,Galaxy S21,2,300.01,600.02
2023-02-23,Store D,OnePlus 9,16,799.88,12798.08
2023-04-16,Store D,OnePlus 9,2,927.01,1854.02
2023-09-17,Store C,OnePlus 9,10,365.56,3655.6
2023-11-06,Store D,Galaxy S21,2,1467.69,2935.38
2023-07-10,Store B,Galaxy S21,16,571.35,9141.6
2023-08-06,Store D,OnePlus 9,16,665.04,10640.64
2023-02-13,Store C,Moto G100,19,664.73,12629.87
2023-06-11,Store A,Moto G100,7,576.5,4035.5
2023-07-21,Store B,iPhone 13,12,301.77,3621.24
2023-09-27,Store A,Xiaomi Mi 11,15,1175.21,17628.15
2023-12-17,Store C,Moto G100,8,1460.21,11681.68
2023-10-31,Store C,Galaxy S21,6,569.15,3414.8999999999996
2023-09-28,Store C,Moto G100,10,1095.66,10956.6
2023-08-03,Store A,iPhone 13,3,1190.28,3570.84
2023-09-09,Store A,iPhone 13,19,1318.11,25044.089999999997
2023-07-09,Store A,Xiaomi Mi 11,17,807.16,13721.72
2023-10-23,Store A,Moto G100,7,663.52,4644.639999999999
2023-08-01,Store C,Galaxy S21,4,690.35,2761.4
2023-07-27,Store C,Galaxy S21,14,1155.15,16172.100000000002
2023-08-25,Store B,OnePlus 9,15,1280.14,19202.100000000002
2023-12-04,Store B,Galaxy S21,8,517.94,4143.52
2023-02-22,Store A,Xiaomi Mi 11,15,745.13,11176.95
2023-10-07,Store D,Xiaomi Mi 11,14,1382.33,19352.62
2023-08-05,Store D,Galaxy S21,9,1268.03,11412.27
2023-09-09,Store C,Galaxy S21,8,1481.83,11854.64
2023-07-07,Store C,OnePlus 9,17,1205.1,20486.699999999997
2023-02-10,Store C,Galaxy S21,2,771.83,1543.66
2023-06-06,Store B,OnePlus 9,3,1008.77,3026.31
2023-01-15,Store B,OnePlus 9,8,1093.22,8745.76
2023-10-28,Store C,Galaxy S21,12,394.15,4729.799999999999
2023-03-06,Store C,iPhone 13,1,953.4,953.4
2023-12-11,Store C,iPhone 13,10,1151.18,11511.800000000001
2023-11-23,Store D,OnePlus 9,3,500.79,1502.3700000000001
2023-01-09,Store B,Galaxy S21,6,1236.76,7420.5599999999995
2023-12-10,Store D,iPhone 13,7,1000.53,7003.71
2023-05-09,Store D,Galaxy S21,18,1442.67,25968.06
2023-05-16,Store C,Galaxy S21,11,350.91,3860.01
2023-03-04,Store C,Galaxy S21,19,618.39,11749.41
2023-05-19,Store A,Moto G100,5,1021.86,5109.3
2023-03-22,Store A,Galaxy S21,19,655.87,12461.53
2023-06-12,Store D,Moto G100,11,1157.31,12730.41
2023-10-16,Store B,OnePlus 9,12,1210.81,14529.72
2023-09-18,Store C,iPhone 13,10,423.02,4230.2
2023-08-19,Store C,iPhone 13,8,916.63,7333.04
2023-02-10,Store D,iPhone 13,9,910.67,8196.029999999999
2023-01-28,Store A,iPhone 13,4,743.14,2972.56
2023-05-15,Store B,iPhone 13,5,1419.51,7097.55
2023-07-20,Store A,iPhone 13,8,1293.01,10344.08
2023-11-24,Store A,iPhone 13,9,1136.65,10229.85
2023-09-25,Store A,OnePlus 9,15,1157.19,17357.850000000002
2023-02-02,Store A,Galaxy S21,15,854.06,12810.9
2023-02-17,Store C,Xiaomi Mi 11,16,1405.19,22483.04
2023-03-03,Store C,Moto G100,14,1133.51,15869.14
2023-08-04,Store A,Xiaomi Mi 11,8,1174.78,9398.24
2023-10-20,Store B,Xiaomi Mi 11,18,1334.03,24012.54
2023-04-09,Store D,Galaxy S21,10,628.89,6288.9
2023-06-21,Store B,Galaxy S21,6,1268.49,7610.9400000000005
2023-12-26,Store B,Galaxy S21,12,534.29,6411.48
2023-08-02,Store B,iPhone 13,2,714.41,1428.82
2023-02-04,Store A,OnePlus 9,7,702.73,4919.110000000001
2023-08-15,Store C,iPhone 13,16,1474.23,23587.68
2023-04-11,Store B,OnePlus 9,3,1327.84,3983.5199999999995
2023-05-11,Store A,OnePlus 9,13,1141.4,14838.2
2023-09-14,Store B,Xiaomi Mi 11,3,1172.47,3517.41
2023-01-05,Store B,Xiaomi Mi 11,18,974.49,17540.82
2023-08-06,Store A,OnePlus 9,11,1436.51,15801.61
2023-09-12,Store C,OnePlus 9,8,895.51,7164.08
2023-12-25,Store C,iPhone 13,6,756.62,4539.72
2023-10-10,Store D,iPhone 13,1,495.64,495.64
2023-07-26,Store A,Xiaomi Mi 11,1,1243.45,1243.45
2023-01-15,Store D,Galaxy S21,8,1181.33,9450.64
2023-12-12,Store D,OnePlus 9,5,761.23,3806.15
2023-02-11,Store D,iPhone 13,16,330.23,5283.68
2023-06-28,Store C,Xiaomi Mi 11,11,1306.8,14374.8
2023-03-04,Store A,iPhone 13,5,313.7,1568.5
2023-12-18,Store D,OnePlus 9,4,1144.44,4577.76
2023-08-19,Store A,OnePlus 9,6,1464.31,8785.86
2023-08-29,Store A,Moto G100,14,825.19,11552.66
2023-02-21,Store C,Galaxy S21,19,581.97,11057.43
2023-04-06,Store D,Moto G100,9,1145.85,10312.65
2023-08-10,Store D,Xiaomi Mi 11,12,1280.55,15366.599999999999
2023-08-19,Store A,iPhone 13,11,955.72,10512.92
2023-08-25,Store B,Xiaomi Mi 11,14,1460.44,20446.16
2023-05-23,Store C,OnePlus 9,16,362.0,5792.0
2023-06-20,Store C,Moto G100,1,905.75,905.75
2023-01-29,Store C,Moto G100,13,1162.14,15107.820000000002
2023-02-05,Store C,Moto G100,13,1335.17,17357.21
2023-01-13,Store D,Xiaomi Mi 11,2,515.11,1030.22
2023-06-09,Store D,OnePlus 9,4,1260.0,5040.0
2023-11-23,Store B,iPhone 13,6,963.25,5779.5
2023-07-06,Store C,iPhone 13,5,775.86,3879.3
2023-08-31,Store C,Xiaomi Mi 11,3,458.06,1374.18
2023-03-27,Store A,Moto G100,1,1338.35,1338.35
2023-10-11,Store D,Galaxy S21,4,488.73,1954.92
2023-03-07,Store C,Xiaomi Mi 11,2,671.75,1343.5
2023-06-19,Store B,Xiaomi Mi 11,5,648.05,3240.25
2023-02-14,Store B,OnePlus 9,3,1345.7,4037.1000000000004
2023-03-03,Store D,iPhone 13,9,1107.24,9965.16
2023-05-14,Store B,Xiaomi Mi 11,6,1256.02,7536.12
2023-10-11,Store B,Xiaomi Mi 11,18,600.56,10810.079999999998
2023-01-28,Store D,Moto G100,6,1049.85,6299.099999999999
2023-04-18,Store C,Moto G100,19,986.1,18735.9
2023-02-13,Store C,Galaxy S21,12,1299.4,15592.800000000001
2023-12-06,Store B,OnePlus 9,11,1387.3,15260.3
2023-10-13,Store B,Galaxy S21,2,314.59,629.18
2023-11-27,Store C,Moto G100,15,1108.82,16632.3
2023-05-08,Store D,iPhone 13,12,362.2,4346.4
2023-12-14,Store B,Moto G100,12,958.63,11503.56
2023-08-19,Store A,OnePlus 9,9,645.16,5806.44
2023-07-09,Store D,Moto G100,2,668.13,1336.26
2023-08-13,Store B,OnePlus 9,3,723.55,2170.6499999999996
2023-10-10,Store B,OnePlus 9,12,1045.55,12546.599999999999
2023-05-01,Store A,OnePlus 9,16,700.86,11213.76
2023-04-26,Store A,OnePlus 9,1,1179.24,1179.24
2023-08-21,Store C,OnePlus 9,3,785.43,2356.29
2023-09-16,Store D,iPhone 13,2,382.02,764.04
2023-12-25,Store D,Galaxy S21,9,1240.51,11164.59
2023-07-17,Store C,Xiaomi Mi 11,19,642.91,12215.289999999999
2023-05-17,Store D,Galaxy S21,15,819.32,12289.800000000001
2023-11-14,Store D,OnePlus 9,18,1122.53,20205.54
2023-06-14,Store D,iPhone 13,11,698.95,7688.450000000001
2023-08-13,Store D,Moto G100,16,367.9,5886.4
2023-11-03,Store D,iPhone 13,17,748.71,12728.07
2023-08-22,Store A,OnePlus 9,5,1433.34,7166.7
2023-06-21,Store D,iPhone 13,12,1070.08,12840.96
2023-06-01,Store A,iPhone 13,11,1105.77,12163.47
2023-11-11,Store D,OnePlus 9,15,1058.74,15881.1
2023-06-09,Store C,iPhone 13,3,538.79,1616.37
2023-04-06,Store B,Xiaomi Mi 11,1,802.0,802.0
2023-08-21,Store A,Xiaomi Mi 11,16,1201.13,19218.08
2023-06-29,Store D,iPhone 13,2,421.65,843.3
2023-04-23,Store C,Moto G100,2,633.42,1266.84
2023-11-14,Store B,OnePlus 9,3,631.58,1894.7400000000002
2023-02-21,Store A,Xiaomi Mi 11,8,818.42,6547.36
2023-09-25,Store B,Moto G100,15,1476.44,22146.600000000002
2023-10-22,Store C,iPhone 13,7,381.0,2667.0
2023-04-23,Store A,Moto G100,6,922.44,5534.64
2023-04-11,Store B,Galaxy S21,9,515.24,4637.16
2023-04-23,Store D,Xiaomi Mi 11,1,1464.81,1464.81
2023-03-22,Store A,iPhone 13,8,435.96,3487.68
2023-07-06,Store B,OnePlus 9,3,784.32,2352.96
2023-04-23,Store C,iPhone 13,4,1185.46,4741.84
2023-01-02,Store C,OnePlus 9,15,1145.47,17182.05
2023-05-10,Store A,iPhone 13,6,807.27,4843.62
2023-08-08,Store B,Moto G100,15,715.83,10737.45
2023-02-23,Store A,Moto G100,3,777.13,2331.39
2023-12-09,Store A,Moto G100,14,617.13,8639.82
2023-08-12,Store B,Galaxy S21,14,546.4,7649.599999999999
2023-08-13,Store B,OnePlus 9,4,879.65,3518.6
2023-05-06,Store D,Moto G100,12,622.24,7466.88
2023-05-10,Store B,Galaxy S21,17,644.95,10964.150000000001
2023-02-22,Store C,OnePlus 9,7,1088.11,7616.7699999999995
2023-06-21,Store A,iPhone 13,9,1462.24,13160.16
2023-08-06,Store A,Galaxy S21,3,1024.36,3073.08
2023-06-09,Store C,Xiaomi Mi 11,13,392.38,5100.94
2023-07-17,Store B,Galaxy S21,15,390.7,5860.5
2023-09-04,Store C,Galaxy S21,18,1441.71,25950.78
2023-11-20,Store C,OnePlus 9,19,656.75,12478.25
2023-07-22,Store D,iPhone 13,1,410.48,410.48
2023-07-03,Store C,Xiaomi Mi 11,6,1018.85,6113.1
2023-05-03,Store A,Moto G100,2,1048.38,2096.76
2023-09-12,Store C,Moto G100,14,1078.21,15094.94
2023-10-21,Store A,Galaxy S21,6,620.88,3725.2799999999997
2023-10-07,Store A,OnePlus 9,14,318.13,4453.82
2023-11-21,Store A,OnePlus 9,4,1458.02,5832.08
2023-04-08,Store B,Moto G100,8,601.07,4808.56
2023-07-17,Store D,Xiaomi Mi 11,3,1111.23,3333.69
2023-08-28,Store A,iPhone 13,19,1147.96,21811.24
2023-05-24,Store A,Xiaomi Mi 11,14,1032.01,14448.14
2023-04-07,Store B,iPhone 13,17,675.49,11483.33
2023-07-20,Store A,Moto G100,8,625.32,5002.56
2023-05-04,Store C,iPhone 13,14,1017.2,14240.800000000001
2023-07-06,Store C,OnePlus 9,6,1339.31,8035.86
2023-11-22,Store D,Galaxy S21,16,1436.08,22977.28
2023-12-15,Store A,Galaxy S21,19,427.09,8114.709999999999
2023-09-16,Store B,Moto G100,14,485.79,6801.06
2023-05-28,Store C,OnePlus 9,19,1433.68,27239.920000000002
2023-09-09,Store B,Xiaomi Mi 11,3,1183.84,3551.5199999999995
2023-12-12,Store B,OnePlus 9,10,1359.59,13595.9
2023-05-27,Store C,Galaxy S21,19,543.16,10320.039999999999
2023-05-28,Store B,Galaxy S21,9,1005.1,9045.9
2023-12-18,Store C,OnePlus 9,13,1141.37,14837.809999999998
2023-07-18,Store B,OnePlus 9,7,1116.13,7812.910000000001
2023-11-04,Store C,Galaxy S21,14,789.78,11056.92
2023-05-08,Store A,Xiaomi Mi 11,9,318.47,2866.2300000000005
2023-02-08,Store D,Moto G100,19,999.51,18990.69
2023-12-04,Store C,Moto G100,15,603.72,9055.800000000001
2023-12-26,Store C,OnePlus 9,14,840.31,11764.34
2023-05-09,Store D,Moto G100,6,1449.1,8694.599999999999
2023-09-24,Store C,Galaxy S21,4,778.84,3115.36
2023-05-31,Store C,Galaxy S21,8,1307.76,10462.08
2023-10-25,Store B,OnePlus 9,17,526.25,8946.25
2023-04-09,Store D,OnePlus 9,9,1106.95,9962.550000000001
2023-09-20,Store A,OnePlus 9,1,1472.41,1472.41
2023-09-09,Store C,Xiaomi Mi 11,14,422.27,5911.78
2023-05-24,Store D,Moto G100,11,309.98,3409.78
2023-12-12,Store B,OnePlus 9,3,820.3,2460.8999999999996
2023-04-22,Store A,iPhone 13,9,411.15,3700.35
2023-03-01,Store D,iPhone 13,14,1198.06,16772.84
2023-01-02,Store A,Galaxy S21,9,1397.46,12577.14
2023-10-31,Store A,Moto G100,4,820.83,3283.32
2023-09-11,Store A,OnePlus 9,4,610.45,2441.8
2023-05-20,Store C,iPhone 13,8,821.28,6570.24
2023-02-06,Store C,Moto G100,2,1168.14,2336.28
2023-06-09,Store B,Galaxy S21,9,310.86,2797.7400000000002
2023-01-09,Store B,Xiaomi Mi 11,14,1007.34,14102.76
2023-08-21,Store D,Moto G100,9,1035.95,9323.550000000001
2023-04-09,Store B,Moto G100,16,1065.23,17043.68
2023-05-27,Store A,Xiaomi Mi 11,17,590.43,10037.31
2023-10-31,Store A,Moto G100,16,1156.86,18509.76
2023-07-27,Store C,Galaxy S21,12,409.67,4916.04
2023-05-11,Store A,Galaxy S21,3,539.12,1617.3600000000001
2023-06-01,Store D,Xiaomi Mi 11,11,1352.96,14882.560000000001
2023-02-23,Store A,OnePlus 9,14,1186.47,16610.58
2023-04-30,Store A,iPhone 13,18,316.49,5696.82
2023-06-10,Store D,OnePlus 9,5,598.05,2990.25
2023-04-26,Store B,Moto G100,16,557.29,8916.64
2023-03-16,Store B,iPhone 13,5,624.97,3124.8500000000004
2023-04-23,Store D,Xiaomi Mi 11,3,597.07,1791.21
2023-04-14,Store C,Xiaomi Mi 11,12,375.03,4500.36
2023-12-06,Store A,iPhone 13,1,850.73,850.73
2023-09-11,Store D,Galaxy S21,9,1179.28,10613.52
2023-08-15,Store A,iPhone 13,9,1028.08,9252.72
2023-04-22,Store C,Moto G100,4,1107.45,4429.8
2023-04-09,Store A,Galaxy S21,3,397.38,1192.1399999999999
2023-06-02,Store D,Xiaomi Mi 11,17,1441.79,24510.43
2023-12-15,Store A,iPhone 13,2,1306.19,2612.38
2023-12-04,Store B,OnePlus 9,1,1266.11,1266.11
2023-07-13,Store C,OnePlus 9,8,1287.58,10300.64
2023-11-06,Store C,Moto G100,13,1419.25,18450.25
2023-06-12,Store C,OnePlus 9,15,953.1,14296.5
2023-07-27,Store D,iPhone 13,8,540.34,4322.72
2023-06-18,Store C,iPhone 13,12,1040.14,12481.68
2023-06-10,Store B,OnePlus 9,12,1191.46,14297.52
2023-03-09,Store D,iPhone 13,14,1185.5,16597.0
2023-10-16,Store B,Moto G100,15,925.74,13886.1
2023-10-04,Store A,Galaxy S21,15,382.15,5732.25
2023-10-31,Store A,Moto G100,9,745.34,6708.06
2023-05-15,Store A,Moto G100,19,1404.92,26693.480000000003
2023-07-14,Store A,iPhone 13,8,1001.34,8010.72
2023-05-08,Store B,Galaxy S21,19,946.0,17974.0
2023-02-02,Store D,iPhone 13,6,622.62,3735.7200000000003
2023-06-25,Store D,Xiaomi Mi 11,19,742.14,14100.66
2023-01-22,Store C,iPhone 13,4,1374.42,5497.68
2023-08-26,Store B,iPhone 13,7,1099.76,7698.32
2023-06-07,Store A,iPhone 13,4,1244.86,4979.44
2023-02-07,Store B,Galaxy S21,12,845.21,10142.52
2023-08-18,Store C,iPhone 13,13,1056.3,13731.9
2023-02-20,Store C,Galaxy S21,3,598.06,1794.1799999999998
2023-09-21,Store B,OnePlus 9,12,1146.55,13758.599999999999
2023-10-10,Store B,Xiaomi Mi 11,2,813.12,1626.24
2023-01-27,Store B,Galaxy S21,2,831.05,1662.1
2023-08-14,Store D,OnePlus 9,9,1079.19,9712.710000000001
2023-10-04,Store A,Galaxy S21,1,1423.54,1423.54
2023-10-13,Store B,Galaxy S21,8,376.81,3014.48
2023-04-07,Store B,Xiaomi Mi 11,6,1289.69,7738.14
2023-10-11,Store B,Moto G100,6,650.86,3905.16
2023-11-13,Store C,Moto G100,18,832.7,14988.6
2023-10-31,Store C,Galaxy S21,17,326.3,5547.1
2023-05-27,Store D,iPhone 13,12,661.26,7935.12
2023-01-04,Store A,OnePlus 9,6,903.16,5418.96
2023-02-04,Store D,iPhone 13,8,367.41,2939.28
2023-07-11,Store A,iPhone 13,19,889.31,16896.89
2023-02-18,Store C,Galaxy S21,10,1412.53,14125.3
2023-01-17,Store C,Galaxy S21,1,426.47,426.47
2023-06-21,Store C,Galaxy S21,13,1217.33,15825.289999999999
2023-08-08,Store D,Galaxy S21,17,791.61,13457.37
2023-06-07,Store B,Moto G100,3,1086.21,3258.63
2023-02-15,Store B,Galaxy S21,8,612.28,4898.24
2023-01-06,Store C,Moto G100,14,491.39,6879.46
2023-04-09,Store B,Moto G100,3,492.56,1477.68
2023-08-21,Store B,Galaxy S21,16,384.59,6153.44
2023-02-06,Store D,Xiaomi Mi 11,13,522.78,6796.139999999999
2023-10-07,Store A,OnePlus 9,17,1097.06,18650.02
2023-12-15,Store C,iPhone 13,13,1358.03,17654.39
2023-10-29,Store C,Moto G100,6,1276.95,7661.700000000001
2023-06-30,Store D,OnePlus 9,17,1122.16,19076.72
2023-04-05,Store D,Xiaomi Mi 11,14,432.52,6055.28
2023-04-09,Store B,iPhone 13,17,647.02,10999.34
2023-07-07,Store C,iPhone 13,8,671.77,5374.16
2023-04-26,Store A,Moto G100,11,599.95,6599.450000000001
2023-07-10,Store D,Galaxy S21,1,918.01,918.01
2023-09-10,Store A,Xiaomi Mi 11,7,942.66,6598.62
2023-06-10,Store A,Moto G100,17,728.26,12380.42
2023-09-13,Store C,Xiaomi Mi 11,10,724.55,7245.5
2023-11-19,Store C,Galaxy S21,11,1294.27,14236.97
2023-05-08,Store D,Galaxy S21,9,1247.15,11224.35
2023-01-18,Store C,Moto G100,9,669.35,6024.150000000001
2023-10-08,Store C,Galaxy S21,5,1396.55,6982.75
2023-08-11,Store C,OnePlus 9,17,1443.38,24537.460000000003
2023-02-23,Store A,iPhone 13,9,692.09,6228.81
2023-02-27,Store D,Moto G100,17,725.31,12330.269999999999
2023-11-19,Store B,Xiaomi Mi 11,19,906.76,17228.44
2023-12-26,Store A,OnePlus 9,7,1429.34,10005.38
2023-06-23,Store C,Moto G100,9,1351.58,12164.22
2023-10-07,Store A,Galaxy S21,7,423.08,2961.56
2023-04-24,Store C,Galaxy S21,13,771.28,10026.64
2023-10-15,Store C,Galaxy S21,11,964.05,10604.55
2023-12-08,Store A,Galaxy S21,14,903.76,12652.64
2023-05-31,Store D,Xiaomi Mi 11,19,532.64,10120.16
2023-05-07,Store C,OnePlus 9,11,1330.58,14636.38
2023-06-04,Store D,iPhone 13,13,1112.33,14460.289999999999
2023-09-30,Store B,Xiaomi Mi 11,14,1305.49,18276.86
2023-04-14,Store C,Xiaomi Mi 11,13,1330.52,17296.76
2023-10-26,Store D,iPhone 13,1,1198.03,1198.03
2023-09-03,Store D,iPhone 13,8,827.05,6616.4
2023-06-25,Store B,Galaxy S21,12,1032.66,12391.920000000002
2023-02-08,Store D,Xiaomi Mi 11,19,492.44,9356.36
2023-06-19,Store D,Moto G100,12,1108.37,13300.439999999999
2023-09-04,Store B,iPhone 13,8,515.1,4120.8
2023-01-26,Store C,iPhone 13,8,1132.74,9061.92
2023-12-21,Store D,OnePlus 9,13,575.52,7481.76
2023-11-02,Store D,Moto G100,12,441.06,5292.72
2023-01-13,Store D,Moto G100,16,498.34,7973.44
2023-11-12,Store A,iPhone 13,1,302.39,302.39
2023-11-09,Store B,Galaxy S21,13,1162.49,15112.37
2023-02-05,Store A,OnePlus 9,7,1178.88,8252.16
2023-06-22,Store B,Moto G100,5,917.92,4589.599999999999
2023-01-20,Store C,iPhone 13,8,493.64,3949.12
2023-11-17,Store C,Moto G100,14,400.27,5603.78
2023-09-21,Store D,OnePlus 9,13,322.95,4198.349999999999
2023-05-22,Store B,OnePlus 9,15,498.9,7483.5
2023-05-23,Store C,Xiaomi Mi 11,17,1369.03,23273.51
2023-04-02,Store B,iPhone 13,15,589.84,8847.6
2023-12-20,Store C,OnePlus 9,18,725.13,13052.34
2023-11-18,Store A,Xiaomi Mi 11,18,426.41,7675.38
2023-10-15,Store C,Xiaomi Mi 11,2,566.83,1133.66
2023-08-03,Store A,Moto G100,4,923.07,3692.28
2023-12-08,Store C,Moto G100,1,1029.3,1029.3
2023-02-20,Store D,Xiaomi Mi 11,4,594.42,2377.68
2023-06-02,Store A,Moto G100,18,369.28,6647.039999999999
2023-07-05,Store C,OnePlus 9,5,769.24,3846.2
2023-03-04,Store D,Galaxy S21,19,581.04,11039.759999999998
2023-07-09,Store A,OnePlus 9,15,563.46,8451.900000000001
2023-05-05,Store D,Xiaomi Mi 11,8,1451.84,11614.72
2023-05-30,Store B,Xiaomi Mi 11,17,1039.56,17672.52
2023-11-10,Store B,OnePlus 9,1,968.25,968.25
2023-02-27,Store A,Moto G100,12,798.93,9587.16
2023-12-08,Store C,Moto G100,19,814.73,15479.87
2023-11-01,Store A,Xiaomi Mi 11,15,949.09,14236.35
2023-06-29,Store D,iPhone 13,9,1135.72,10221.48
2023-06-19,Store C,Moto G100,7,1142.58,7998.0599999999995
2023-11-22,Store B,OnePlus 9,2,506.03,1012.06
2023-09-28,Store C,Moto G100,9,900.14,8101.26
2023-02-23,Store B,OnePlus 9,10,794.35,7943.5
2023-04-11,Store C,Xiaomi Mi 11,2,1344.63,2689.26
2023-09-21,Store C,Moto G100,19,1057.7,20096.3
2023-02-22,Store C,OnePlus 9,11,939.0,10329.0
2023-03-01,Store D,Xiaomi Mi 11,13,438.47,5700.110000000001
2023-04-18,Store D,iPhone 13,10,1026.77,10267.7
2023-01-05,Store A,OnePlus 9,14,440.64,6168.96
2023-04-13,Store A,iPhone 13,18,704.65,12683.699999999999
2023-07-15,Store B,iPhone 13,19,471.41,8956.79
2023-09-19,Store D,Galaxy S21,9,1130.49,10174.41
2023-12-16,Store B,Moto G100,7,547.5,3832.5
2023-02-16,Store A,OnePlus 9,3,770.23,2310.69
2023-12-21,Store B,iPhone 13,6,1374.81,8248.86
2023-11-07,Store A,Galaxy S21,2,545.18,1090.36
2023-11-04,Store D,Xiaomi Mi 11,6,909.37,5456.22
2023-05-24,Store C,OnePlus 9,3,803.13,2409.39
2023-09-26,Store D,iPhone 13,16,321.75,5148.0
2023-05-04,Store B,Moto G100,8,1251.31,10010.48
2023-04-16,Store B,Galaxy S21,2,382.86,765.72
2023-06-07,Store D,iPhone 13,17,869.11,14774.87
2023-05-27,Store D,Moto G100,9,972.81,8755.289999999999
2023-05-25,Store A,iPhone 13,12,1054.11,12649.32
2023-04-30,Store B,OnePlus 9,3,1126.36,3379.08
2023-11-15,Store B,OnePlus 9,11,603.93,6643.23
2023-10-02,Store D,OnePlus 9,1,311.97,311.97
2023-04-02,Store C,Galaxy S21,13,1168.13,15185.690000000002
2023-02-27,Store B,OnePlus 9,15,942.79,14141.849999999999
2023-12-12,Store C,Moto G100,5,1303.34,6516.7
2023-08-17,Store D,iPhone 13,17,1285.67,21856.39
2023-04-27,Store D,Xiaomi Mi 11,6,1311.99,7871.9400000000005
2023-11-14,Store A,Moto G100,11,882.11,9703.210000000001
2023-10-06,Store B,Moto G100,18,700.35,12606.300000000001
2023-05-07,Store C,OnePlus 9,4,1249.87,4999.48
2023-05-09,Store A,Galaxy S21,3,841.55,2524.6499999999996
2023-02-27,Store B,iPhone 13,13,520.13,6761.69
2023-05-02,Store A,Galaxy S21,9,1325.97,11933.73
2023-01-01,Store D,iPhone 13,6,1359.07,8154.42
2023-08-27,Store B,iPhone 13,12,859.57,10314.84
2023-10-17,Store A,Galaxy S21,2,390.84,781.68
2023-04-06,Store A,Moto G100,3,765.39,2296.17
2023-05-06,Store C,iPhone 13,3,1264.25,3792.75
2023-04-28,Store A,Galaxy S21,12,1382.13,16585.56
2023-02-17,Store B,iPhone 13,15,544.17,8162.549999999999
2023-03-30,Store B,Xiaomi Mi 11,9,380.37,3423.33
2023-08-25,Store C,Moto G100,8,1352.82,10822.56
2023-09-29,Store B,OnePlus 9,11,767.29,8440.189999999999
2023-07-08,Store D,iPhone 13,16,950.11,15201.76
2023-07-11,Store B,Xiaomi Mi 11,4,1461.68,5846.72
2023-03-10,Store B,OnePlus 9,1,379.88,379.88
2023-10-05,Store A,OnePlus 9,7,1077.98,7545.860000000001
2023-12-15,Store A,iPhone 13,2,388.93,777.86
2023-09-04,Store B,Galaxy S21,5,750.56,3752.7999999999997
2023-03-17,Store C,iPhone 13,7,1264.58,8852.06
2023-06-03,Store A,Xiaomi Mi 11,4,820.17,3280.68
2023-05-24,Store C,OnePlus 9,5,1496.62,7483.099999999999
2023-03-27,Store B,iPhone 13,1,970.87,970.87
2023-07-04,Store B,Galaxy S21,1,685.39,685.39
2023-10-12,Store D,iPhone 13,15,564.13,8461.95
2023-08-08,Store A,Moto G100,19,720.62,13691.78
2023-03-10,Store B,Galaxy S21,10,747.04,7470.4
2023-02-16,Store D,Xiaomi Mi 11,18,382.46,6884.28
2023-04-04,Store A,OnePlus 9,3,743.49,2230.4700000000003
2023-08-26,Store B,iPhone 13,11,857.09,9427.99
2023-07-23,Store B,Galaxy S21,15,1167.29,17509.35
2023-08-06,Store A,Moto G100,11,1088.08,11968.88
2023-12-07,Store A,Galaxy S21,17,1150.52,19558.84
2023-02-08,Store A,Moto G100,17,310.04,5270.68
2023-04-10,Store B,Xiaomi Mi 11,6,561.2,3367.2000000000003
2023-10-16,Store B,OnePlus 9,5,1094.02,5470.1
2023-09-11,Store D,Xiaomi Mi 11,8,880.79,7046.32
2023-08-10,Store C,iPhone 13,2,306.38,612.76
2023-12-23,Store A,Galaxy S21,16,1265.39,20246.24
2023-01-23,Store B,Moto G100,12,1227.37,14728.439999999999
2023-09-07,Store B,Moto G100,6,958.1,5748.6
2023-01-10,Store A,Galaxy S21,1,379.76,379.76
2023-09-03,Store C,Galaxy S21,4,1219.82,4879.28
2023-11-21,Store A,iPhone 13,17,1000.46,17007.82
2023-04-10,Store C,Xiaomi Mi 11,13,1238.35,16098.55
2023-10-17,Store B,Moto G100,18,1202.1,21637.8
2023-06-29,Store C,iPhone 13,5,1263.6,6318.0
2023-08-11,Store D,Xiaomi Mi 11,3,921.61,2764.83
2023-09-07,Store B,iPhone 13,11,468.39,5152.29
2023-05-27,Store D,Moto G100,13,1105.39,14370.070000000002
2023-04-06,Store A,Galaxy S21,4,1044.57,4178.28
2023-09-14,Store A,Galaxy S21,14,1190.7,16669.8
2023-11-21,Store A,Xiaomi Mi 11,11,503.86,5542.46
2023-01-04,Store C,OnePlus 9,10,533.97,5339.700000000001
2023-01-16,Store B,Xiaomi Mi 11,19,1368.49,26001.31
2023-10-07,Store A,OnePlus 9,18,1199.97,21599.46
2023-12-02,Store A,iPhone 13,6,1389.87,8339.22
2023-09-04,Store B,iPhone 13,15,1210.46,18156.9
2023-09-15,Store A,Moto G100,10,1016.59,10165.9
2023-06-09,Store D,OnePlus 9,5,1084.96,5424.8
2023-12-06,Store B,Moto G100,5,1366.95,6834.75
2023-06-01,Store B,Galaxy S21,10,994.57,9945.7
2023-06-27,Store B,OnePlus 9,5,1058.87,5294.349999999999
2023-06-12,Store D,Xiaomi Mi 11,3,487.77,1463.31
2023-02-02,Store B,Galaxy S21,6,868.71,5212.26
2023-06-28,Store D,Galaxy S21,4,1159.68,4638.72
2023-04-11,Store B,Xiaomi Mi 11,18,625.13,11252.34
2023-09-25,Store C,Galaxy S21,9,542.71,4884.39
2023-11-19,Store A,OnePlus 9,17,676.59,11502.03
2023-03-06,Store C,Moto G100,13,589.8,7667.4
2023-06-17,Store A,Galaxy S21,15,557.9,8368.5
2023-11-26,Store D,OnePlus 9,17,809.82,13766.94
2023-02-12,Store C,iPhone 13,13,1389.41,18062.33
2023-02-13,Store B,OnePlus 9,16,908.47,14535.52
2023-10-12,Store A,Moto G100,4,525.5,2102.0
2023-01-12,Store A,OnePlus 9,5,392.37,1961.85
2023-04-05,Store C,Xiaomi Mi 11,5,1135.39,5676.950000000001
2023-10-29,Store D,Moto G100,9,759.36,6834.24
2023-09-10,Store C,iPhone 13,17,1286.2,21865.4
2023-08-30,Store D,Xiaomi Mi 11,13,1091.41,14188.330000000002
2023-02-04,Store D,OnePlus 9,2,1255.49,2510.98
2023-08-03,Store A,Moto G100,13,626.34,8142.42
2023-12-03,Store C,iPhone 13,19,1130.83,21485.769999999997
2023-03-31,Store C,Xiaomi Mi 11,3,616.87,1850.6100000000001
2023-09-21,Store D,iPhone 13,10,1426.88,14268.800000000001
2023-04-03,Store C,OnePlus 9,2,1063.65,2127.3
2023-03-31,Store B,iPhone 13,13,689.41,8962.33
2023-04-25,Store B,Galaxy S21,19,623.41,11844.789999999999
2023-04-15,Store C,Xiaomi Mi 11,17,529.11,8994.87
2023-07-15,Store C,iPhone 13,14,1133.57,15869.98
2023-11-10,Store D,OnePlus 9,12,562.46,6749.52
2023-04-24,Store B,OnePlus 9,12,1014.36,12172.32
2023-03-16,Store B,iPhone 13,11,617.56,6793.16
2023-08-05,Store A,OnePlus 9,7,1094.36,7660.5199999999995
2023-10-04,Store D,Moto G100,4,1277.93,5111.72
2023-09-06,Store A,Moto G100,19,1233.63,23438.97
2023-06-13,Store B,Moto G100,1,1213.02,1213.02
2023-12-23,Store D,Galaxy S21,3,525.27,1575.81
2023-07-11,Store C,iPhone 13,13,406.06,5278.78
2023-08-15,Store D,Galaxy S21,15,1138.74,17081.1
2023-06-26,Store C,OnePlus 9,2,742.02,1484.04
2023-04-09,Store C,Galaxy S21,11,818.82,9007.02
2023-02-05,Store D,OnePlus 9,4,337.38,1349.52
2023-04-06,Store C,OnePlus 9,19,611.49,11618.31
2023-06-01,Store A,Xiaomi Mi 11,17,340.41,5786.97
2023-05-31,Store B,Moto G100,3,1355.02,4065.06
2023-07-09,Store C,OnePlus 9,18,592.08,10657.44
2023-08-12,Store A,Xiaomi Mi 11,8,968.8,7750.4
2023-02-06,Store C,Moto G100,19,346.78,6588.82
2023-09-25,Store B,OnePlus 9,5,1100.22,5501.1
2023-07-02,Store A,OnePlus 9,7,687.63,4813.41
2023-01-13,Store B,Galaxy S21,8,1377.5,11020.0
2023-10-06,Store B,Galaxy S21,5,1365.74,6828.7
2023-08-05,Store A,Moto G100,17,690.35,11735.95
2023-12-21,Store A,OnePlus 9,5,1381.15,6905.75
2023-12-27,Store A,iPhone 13,4,1495.39,5981.56
2023-10-13,Store D,Galaxy S21,19,1290.5,24519.5
2023-09-30,Store A,Moto G100,2,1313.85,2627.7
2023-03-03,Store A,OnePlus 9,11,598.81,6586.91
2023-03-25,Store A,OnePlus 9,13,992.04,12896.52
2023-08-05,Store A,iPhone 13,15,380.71,5710.65
2023-12-08,Store C,Moto G100,12,413.9,4966.799999999999
2023-07-06,Store D,OnePlus 9,11,1498.67,16485.370000000003
2023-01-19,Store B,Galaxy S21,7,691.97,4843.79
2023-06-26,Store A,iPhone 13,5,1197.82,5989.099999999999
2023-04-10,Store C,Moto G100,17,1268.0,21556.0
2023-08-21,Store C,iPhone 13,9,1329.63,11966.670000000002
2023-03-17,Store C,Galaxy S21,14,1497.15,20960.100000000002
2023-09-22,Store B,Moto G100,12,589.8,7077.599999999999
2023-10-11,Store A,iPhone 13,6,348.42,2090.52
2023-07-25,Store D,Xiaomi Mi 11,17,793.43,13488.31
2023-08-11,Store D,Galaxy S21,19,456.1,8665.9
2023-02-21,Store C,Galaxy S21,19,326.91,6211.290000000001
2023-12-05,Store B,Galaxy S21,16,732.51,11720.16
2023-05-24,Store B,Xiaomi Mi 11,12,1240.49,14885.880000000001
2023-03-10,Store B,Xiaomi Mi 11,12,979.42,11753.039999999999
2023-04-09,Store D,OnePlus 9,6,675.33,4051.9800000000005
2023-01-25,Store C,iPhone 13,4,1085.21,4340.84
2023-02-22,Store A,OnePlus 9,6,578.42,3470.5199999999995
2023-05-31,Store D,iPhone 13,11,317.26,3489.8599999999997
2023-05-24,Store C,Xiaomi Mi 11,1,1217.22,1217.22
2023-02-26,Store C,Xiaomi Mi 11,15,1048.49,15727.35
2023-02-08,Store A,OnePlus 9,11,1214.76,13362.36
2023-04-19,Store A,Moto G100,19,346.73,6587.870000000001
2023-06-30,Store A,OnePlus 9,18,1304.54,23481.72
2023-02-11,Store B,iPhone 13,17,1043.43,17738.31
2023-07-05,Store A,OnePlus 9,19,976.07,18545.33
2023-08-11,Store C,Galaxy S21,14,1049.54,14693.56
2023-05-02,Store A,iPhone 13,18,1337.32,24071.76
2023-05-13,Store C,iPhone 13,19,1004.32,19082.08
2023-06-12,Store D,Moto G100,15,997.14,14957.1
2023-08-03,Store B,Xiaomi Mi 11,15,1488.81,22332.149999999998
2023-08-09,Store D,iPhone 13,4,1208.08,4832.32
2023-08-23,Store D,Xiaomi Mi 11,7,830.75,5815.25
2023-11-27,Store C,OnePlus 9,13,1148.88,14935.440000000002
2023-05-26,Store D,Galaxy S21,3,767.08,2301.2400000000002
2023-08-27,Store C,Moto G100,16,574.65,9194.4
2023-03-17,Store A,Xiaomi Mi 11,9,1016.22,9145.98
2023-01-09,Store A,iPhone 13,8,1413.82,11310.56
2023-03-15,Store C,Xiaomi Mi 11,13,1414.97,18394.61
2023-09-10,Store A,iPhone 13,17,710.29,12074.93
2023-08-18,Store B,Xiaomi Mi 11,17,933.21,15864.57
2023-01-07,Store D,iPhone 13,17,553.96,9417.32
2023-06-23,Store B,OnePlus 9,1,1494.76,1494.76
2023-05-21,Store D,iPhone 13,8,1477.34,11818.72
2023-06-17,Store A,iPhone 13,19,1079.41,20508.79
2023-06-19,Store B,Galaxy S21,6,1265.3,7591.799999999999
2023-10-10,Store A,iPhone 13,3,1158.12,3474.3599999999997
2023-05-02,Store D,Galaxy S21,5,1011.79,5058.95
2023-07-13,Store C,Moto G100,13,364.02,4732.26
2023-01-05,Store C,Galaxy S21,15,845.72,12685.800000000001
2023-01-29,Store B,OnePlus 9,14,1109.74,15536.36
2023-06-14,Store A,Galaxy S21,16,1113.04,17808.64
2023-12-05,Store A,Moto G100,18,747.75,13459.5
2023-05-16,Store B,OnePlus 9,11,1430.03,15730.33
2023-11-17,Store C,Xiaomi Mi 11,3,500.83,1502.49
2023-12-08,Store D,Xiaomi Mi 11,10,900.43,9004.3
2023-05-25,Store B,Galaxy S21,10,1129.06,11290.599999999999
2023-11-23,Store D,Galaxy S21,16,1136.56,18184.96
2023-08-05,Store C,Moto G100,12,1078.37,12940.439999999999
2023-10-28,Store A,Moto G100,2,630.35,1260.7
2023-05-12,Store C,iPhone 13,9,487.45,4387.05
2023-10-19,Store B,Moto G100,3,1063.13,3189.3900000000003
2023-03-11,Store A,iPhone 13,15,1019.16,15287.4
2023-09-09,Store B,OnePlus 9,3,515.23,1545.69
2023-10-02,Store B,Galaxy S21,19,1146.17,21777.230000000003
2023-12-30,Store C,OnePlus 9,18,846.21,15231.78
2023-07-01,Store B,Moto G100,8,1101.31,8810.48
2023-06-16,Store C,OnePlus 9,17,1304.84,22182.28
2023-04-01,Store A,OnePlus 9,8,503.67,4029.36
2023-07-21,Store C,OnePlus 9,7,322.97,2260.79
2023-12-12,Store A,Moto G100,7,1234.92,8644.44
2023-01-19,Store C,OnePlus 9,3,1031.64,3094.92
2023-02-08,Store D,iPhone 13,1,1139.57,1139.57
2023-05-06,Store D,Moto G100,4,1305.79,5223.16
2023-06-22,Store B,OnePlus 9,5,1263.37,6316.849999999999
2023-05-21,Store C,Moto G100,1,1453.1,1453.1
2023-08-30,Store C,Xiaomi Mi 11,15,943.12,14146.8
2023-08-08,Store A,iPhone 13,5,886.19,4430.950000000001
2023-05-06,Store B,OnePlus 9,13,782.26,10169.38
2023-02-27,Store C,Xiaomi Mi 11,8,484.43,3875.44
2023-05-28,Store B,Xiaomi Mi 11,8,987.13,7897.04
2023-11-13,Store D,Moto G100,5,632.42,3162.1
2023-12-27,Store C,Xiaomi Mi 11,9,1405.57,12650.13
2023-01-01,Store C,iPhone 13,1,999.83,999.83
2023-12-14,Store B,iPhone 13,4,1011.41,4045.64
2023-07-09,Store C,Galaxy S21,3,725.91,2177.73
2023-07-10,Store B,iPhone 13,2,362.39,724.78
2023-11-08,Store C,Xiaomi Mi 11,8,338.09,2704.72
2023-04-27,Store A,iPhone 13,9,808.0,7272.0
2023-05-14,Store B,Moto G100,2,401.48,802.96
2023-02-27,Store C,Galaxy S21,14,1028.22,14395.08
2023-02-13,Store D,Xiaomi Mi 11,14,1357.17,19000.38
2023-06-22,Store C,Galaxy S21,4,1359.5,5438.0
2023-06-09,Store D,Xiaomi Mi 11,6,1090.85,6545.099999999999
2023-06-22,Store D,Moto G100,11,553.48,6088.280000000001
2023-11-13,Store A,Galaxy S21,3,1335.6,4006.7999999999997
2023-10-30,Store B,OnePlus 9,8,1363.31,10906.48
2023-05-29,Store C,Xiaomi Mi 11,3,535.98,1607.94
2023-03-21,Store A,OnePlus 9,14,1184.91,16588.74
2023-08-01,Store C,Galaxy S21,13,643.82,8369.66
2023-07-22,Store D,OnePlus 9,13,1263.17,16421.21
2023-09-09,Store B,OnePlus 9,2,1496.69,2993.38
2023-08-17,Store C,Galaxy S21,13,336.03,4368.389999999999
2023-06-13,Store C,Moto G100,19,1376.84,26159.96
2023-08-15,Store D,OnePlus 9,6,1047.16,6282.960000000001
2023-05-27,Store C,OnePlus 9,16,1468.06,23488.96
2023-01-20,Store C,Moto G100,2,858.01,1716.02
2023-02-16,Store D,OnePlus 9,8,1316.87,10534.96
2023-08-21,Store A,OnePlus 9,17,374.87,6372.79
2023-11-01,Store D,OnePlus 9,2,702.33,1404.66
2023-01-14,Store A,iPhone 13,10,380.42,3804.2000000000003
2023-05-23,Store B,Moto G100,16,1470.41,23526.56
2023-01-01,Store A,OnePlus 9,6,1280.37,7682.219999999999
2023-02-23,Store A,Moto G100,2,1323.06,2646.12
2023-09-16,Store B,Xiaomi Mi 11,2,1425.56,2851.12
2023-05-24,Store A,Xiaomi Mi 11,13,402.12,5227.56
2023-01-12,Store D,OnePlus 9,15,762.72,11440.800000000001
2023-11-26,Store A,Moto G100,2,385.24,770.48
2023-08-12,Store B,Moto G100,7,552.95,3870.6500000000005
2023-09-29,Store D,Moto G100,3,575.24,1725.72
2023-12-24,Store B,iPhone 13,8,862.93,6903.44
2023-06-05,Store B,Xiaomi Mi 11,14,622.27,8711.779999999999
2023-01-08,Store C,Moto G100,7,421.17,2948.19
2023-05-02,Store C,Moto G100,7,500.99,3506.9300000000003
2023-12-14,Store B,iPhone 13,1,476.73,476.73
2023-06-13,Store B,iPhone 13,17,1467.69,24950.73
2023-03-31,Store B,Moto G100,9,1211.15,10900.35
2023-05-16,Store C,Galaxy S21,13,1461.31,18997.03
2023-07-05,Store C,Moto G100,19,827.69,15726.11
2023-11-12,Store A,Moto G100,19,634.04,12046.759999999998
2023-06-27,Store A,iPhone 13,17,1257.95,21385.15
2023-01-28,Store B,iPhone 13,10,691.5,6915.0
2023-08-08,Store D,Moto G100,10,659.26,6592.6
2023-12-23,Store D,Moto G100,4,579.01,2316.04
2023-02-10,Store C,Moto G100,8,455.61,3644.88
2023-08-16,Store C,iPhone 13,18,607.76,10939.68
2023-07-11,Store C,Moto G100,14,726.38,10169.32
2023-05-25,Store B,Moto G100,18,1108.79,19958.22
2023-07-20,Store D,OnePlus 9,14,375.08,5251.12
2023-07-31,Store A,Galaxy S21,15,552.61,8289.15
2023-08-08,Store B,Xiaomi Mi 11,4,1270.83,5083.32
2023-08-28,Store A,Galaxy S21,13,476.31,6192.03
2023-02-15,Store A,OnePlus 9,8,711.17,5689.36
2023-02-04,Store B,Xiaomi Mi 11,18,1337.59,24076.62
2023-09-10,Store A,Moto G100,12,485.91,5830.92
2023-03-23,Store D,OnePlus 9,14,399.28,5589.92
2023-09-13,Store A,Moto G100,2,881.45,1762.9
2023-07-16,Store D,iPhone 13,18,662.9,11932.199999999999
2023-10-30,Store D,OnePlus 9,2,976.09,1952.18
2023-01-10,Store D,iPhone 13,11,1264.57,13910.269999999999
2023-11-08,Store C,OnePlus 9,9,464.58,4181.22
2023-10-13,Store A,OnePlus 9,12,996.84,11962.08
2023-08-30,Store B,iPhone 13,17,906.61,15412.37
2023-09-08,Store B,Xiaomi Mi 11,15,472.89,7093.349999999999
2023-01-05,Store A,Galaxy S21,17,1048.8,17829.6
2023-04-29,Store C,Moto G100,18,628.37,11310.66
2023-10-16,Store C,OnePlus 9,6,885.4,5312.4
2023-03-06,Store D,Moto G100,17,398.73,6778.41
2023-05-26,Store A,iPhone 13,18,851.5,15327.0
2023-08-12,Store A,Moto G100,8,667.76,5342.08
2023-08-27,Store B,iPhone 13,9,1286.86,11581.74
2023-06-26,Store A,Moto G100,6,368.37,2210.2200000000003
2023-09-24,Store C,Galaxy S21,5,802.33,4011.65
2023-12-07,Store A,Galaxy S21,12,850.12,10201.44
2023-10-09,Store B,Galaxy S21,11,1170.01,12870.11
2023-03-04,Store D,Galaxy S21,1,989.15,989.15
2023-08-05,Store B,Galaxy S21,11,1100.65,12107.150000000001
2023-12-08,Store B,Galaxy S21,19,1232.46,23416.74
2023-11-11,Store D,iPhone 13,9,1334.64,12011.76
2023-10-10,Store B,OnePlus 9,2,676.65,1353.3
2023-06-26,Store B,Moto G100,12,945.63,11347.56
2023-04-08,Store A,Galaxy S21,4,1308.13,5232.52
2023-04-15,Store A,iPhone 13,4,1487.34,5949.36
2023-04-09,Store D,iPhone 13,18,1367.42,24613.56
2023-11-07,Store A,iPhone 13,15,745.76,11186.4
2023-01-06,Store A,OnePlus 9,19,534.2,10149.800000000001
2023-07-16,Store B,Moto G100,13,887.27,11534.51
2023-12-17,Store C,OnePlus 9,19,1189.97,22609.43
2023-05-13,Store A,Xiaomi Mi 11,17,891.08,15148.36
2023-12-24,Store C,iPhone 13,6,879.82,5278.92
2023-09-16,Store A,Xiaomi Mi 11,16,1305.88,20894.08
2023-01-23,Store A,Galaxy S21,12,733.68,8804.16
2023-02-22,Store D,Galaxy S21,19,1331.75,25303.25
2023-06-14,Store D,OnePlus 9,5,788.17,3940.85
2023-07-21,Store D,Moto G100,17,693.88,11795.96
2023-03-24,Store C,Xiaomi Mi 11,1,844.79,844.79
2023-05-25,Store B,Moto G100,10,1214.94,12149.400000000001
2023-03-26,Store A,OnePlus 9,15,451.2,6768.0
2023-03-19,Store A,Galaxy S21,11,535.7,5892.700000000001
2023-01-01,Store A,Moto G100,13,1441.73,18742.49
2023-02-20,Store C,Moto G100,5,510.59,2552.95
2023-06-22,Store D,Galaxy S21,1,981.27,981.27
2023-07-24,Store B,Xiaomi Mi 11,12,995.18,11942.16
2023-09-17,Store C,Galaxy S21,11,887.55,9763.05
2023-10-15,Store D,Moto G100,17,1073.69,18252.73
2023-02-03,Store C,Xiaomi Mi 11,4,575.79,2303.16
2023-12-14,Store B,Xiaomi Mi 11,15,963.19,14447.85
2023-04-05,Store D,Galaxy S21,9,746.61,6719.49
2023-03-13,Store C,Moto G100,19,1094.0,20786.0
2023-02-08,Store B,OnePlus 9,19,469.47,8919.93
2023-06-03,Store A,Moto G100,12,985.05,11820.599999999999
2023-09-07,Store B,iPhone 13,5,522.32,2611.6000000000004
2023-06-11,Store A,OnePlus 9,10,634.37,6343.7
2023-04-28,Store C,Xiaomi Mi 11,17,562.45,9561.650000000001
2023-09-16,Store D,OnePlus 9,5,519.41,2597.0499999999997
2023-11-02,Store D,Xiaomi Mi 11,16,1290.85,20653.6
2023-09-25,Store C,Xiaomi Mi 11,7,642.85,4499.95
2023-02-23,Store D,OnePlus 9,9,1412.55,12712.949999999999
2023-08-24,Store D,Xiaomi Mi 11,3,1463.91,4391.7300000000005
2023-08-10,Store A,Xiaomi Mi 11,15,985.51,14782.65
2023-09-08,Store C,iPhone 13,16,471.6,7545.6
2023-11-09,Store B,Moto G100,18,749.46,13490.28
2023-04-22,Store A,Moto G100,14,1257.28,17601.92
2023-09-12,Store C,iPhone 13,3,740.87,2222.61
2023-10-30,Store A,OnePlus 9,12,404.42,4853.04
2023-07-26,Store B,Galaxy S21,9,968.14,8713.26
2023-08-17,Store B,Galaxy S21,7,1314.15,9199.050000000001
2023-12-07,Store C,Galaxy S21,9,1255.11,11295.99
2023-03-07,Store B,iPhone 13,13,510.15,6631.95
2023-03-16,Store A,iPhone 13,18,1107.32,19931.76
2023-04-13,Store B,Xiaomi Mi 11,5,564.61,2823.05
2023-07-11,Store A,Galaxy S21,13,561.85,7304.05
2023-09-09,Store A,OnePlus 9,4,1348.89,5395.56
2023-08-14,Store B,OnePlus 9,2,599.6,1199.2
2023-10-21,Store C,Galaxy S21,16,615.9,9854.4
2023-11-02,Store D,Galaxy S21,9,300.78,2707.0199999999995
2023-04-08,Store B,Galaxy S21,9,1344.8,12103.199999999999
2023-12-04,Store A,iPhone 13,6,1251.11,7506.66
2023-10-13,Store A,iPhone 13,11,1052.79,11580.689999999999
2023-12-01,Store B,iPhone 13,1,1200.32,1200.32
2023-12-13,Store C,Moto G100,4,482.46,1929.84
2023-11-04,Store C,OnePlus 9,13,849.99,11049.87
2023-09-06,Store A,OnePlus 9,13,721.46,9378.98
2023-06-15,Store A,Xiaomi Mi 11,13,412.53,5362.889999999999
2023-12-01,Store C,iPhone 13,2,883.36,1766.72
2023-01-30,Store D,Moto G100,9,1404.89,12644.01
2023-09-04,Store B,Moto G100,8,348.07,2784.56
2023-04-16,Store A,OnePlus 9,7,649.75,4548.25
2023-02-20,Store A,iPhone 13,4,549.05,2196.2
2023-03-22,Store C,Xiaomi Mi 11,18,585.78,10544.039999999999
2023-05-13,Store B,iPhone 13,3,1390.12,4170.36
2023-10-12,Store C,Galaxy S21,6,861.68,5170.08
2023-05-18,Store B,iPhone 13,12,859.56,10314.72
2023-07-03,Store B,Galaxy S21,12,1212.69,14552.28
2023-11-26,Store B,Galaxy S21,8,485.39,3883.12
2023-09-30,Store A,Xiaomi Mi 11,1,884.72,884.72
2023-12-06,Store D,OnePlus 9,4,815.98,3263.92
2023-03-10,Store C,iPhone 13,11,1016.29,11179.189999999999
2023-02-03,Store D,Galaxy S21,3,1499.47,4498.41
2023-09-19,Store C,iPhone 13,13,1223.34,15903.419999999998
2023-02-22,Store B,OnePlus 9,17,777.44,13216.480000000001
2023-07-24,Store A,OnePlus 9,10,1293.06,12930.599999999999
2023-05-06,Store D,Moto G100,12,504.85,6058.200000000001
2023-08-23,Store A,OnePlus 9,15,336.56,5048.4
2023-02-12,Store C,Xiaomi Mi 11,10,545.34,5453.400000000001
2023-08-28,Store A,Galaxy S21,14,708.49,9918.86
2023-04-21,Store A,Moto G100,13,912.7,11865.1
2023-09-06,Store D,Xiaomi Mi 11,5,1038.15,5190.75
2023-05-31,Store B,iPhone 13,6,1392.73,8356.380000000001
2023-07-02,Store A,Galaxy S21,2,911.82,1823.64
2023-12-02,Store B,OnePlus 9,17,901.53,15326.01
2023-04-05,Store C,Galaxy S21,4,360.29,1441.16
2023-01-08,Store A,iPhone 13,14,341.89,4786.46
2023-12-26,Store D,Moto G100,10,961.39,9613.9
2023-07-03,Store C,Moto G100,3,825.81,2477.43
2023-10-08,Store C,Moto G100,3,1307.02,3921.06
2023-07-14,Store D,OnePlus 9,15,492.82,7392.3
2023-12-18,Store A,Xiaomi Mi 11,6,329.97,1979.8200000000002
2023-07-14,Store A,Xiaomi Mi 11,17,838.85,14260.45
2023-06-04,Store C,Galaxy S21,12,584.97,7019.64
2023-04-03,Store A,OnePlus 9,11,359.54,3954.94
2023-06-09,Store B,Moto G100,4,1169.52,4678.08
2023-03-02,Store D,Moto G100,6,433.91,2603.46
2023-05-02,Store B,iPhone 13,1,1029.98,1029.98
2023-02-20,Store A,iPhone 13,16,637.26,10196.16
2023-10-04,Store C,Moto G100,15,508.2,7623.0
2023-01-05,Store D,Moto G100,17,755.7,12846.900000000001
2023-04-02,Store A,OnePlus 9,8,1261.73,10093.84
2023-06-19,Store A,Xiaomi Mi 11,12,770.51,9246.119999999999
2023-11-13,Store C,iPhone 13,10,1200.92,12009.2
2023-01-22,Store C,Xiaomi Mi 11,15,450.58,6758.7
2023-11-22,Store B,OnePlus 9,9,1227.33,11045.97
2023-01-01,Store D,Moto G100,2,584.32,1168.64
2023-05-13,Store D,Xiaomi Mi 11,5,1112.87,5564.349999999999
2023-08-21,Store C,Moto G100,6,978.94,5873.64
2023-01-12,Store B,Moto G100,7,1414.97,9904.79
2023-12-12,Store D,Galaxy S21,1,764.79,764.79
2023-02-15,Store C,Xiaomi Mi 11,7,379.4,2655.7999999999997
2023-02-03,Store A,Xiaomi Mi 11,12,322.99,3875.88
2023-03-19,Store D,Moto G100,16,1292.23,20675.68
2023-08-06,Store B,OnePlus 9,16,929.68,14874.88
2023-10-28,Store B,Galaxy S21,11,1230.29,13533.189999999999
2023-03-14,Store B,Moto G100,4,581.31,2325.24
2023-10-09,Store A,iPhone 13,13,714.1,9283.300000000001
2023-09-06,Store D,iPhone 13,7,336.12,2352.84
2023-02-16,Store D,Galaxy S21,4,1453.79,5815.16
2023-05-01,Store A,OnePlus 9,15,1101.44,16521.600000000002
2023-08-02,Store D,Moto G100,19,1419.85,26977.149999999998
2023-08-27,Store A,Xiaomi Mi 11,9,618.6,5567.400000000001
2023-02-25,Store A,Galaxy S21,11,1033.76,11371.36
2023-12-16,Store A,OnePlus 9,8,1114.2,8913.6
2023-04-17,Store B,Xiaomi Mi 11,1,681.06,681.06
2023-11-15,Store D,iPhone 13,8,1317.73,10541.84
2023-02-17,Store A,iPhone 13,13,1436.59,18675.67
2023-03-02,Store D,Xiaomi Mi 11,4,1361.83,5447.32
2023-12-03,Store B,Galaxy S21,8,1186.88,9495.04
2023-01-26,Store A,iPhone 13,3,632.96,1898.88
2023-10-19,Store C,Moto G100,9,637.94,5741.460000000001
2023-09-14,Store B,Xiaomi Mi 11,2,1456.03,2912.06
2023-01-08,Store C,Xiaomi Mi 11,2,312.34,624.68
2023-04-23,Store D,iPhone 13,13,1159.26,15070.38
2023-12-21,Store D,Galaxy S21,15,1147.5,17212.5
2023-09-10,Store B,Moto G100,12,1047.23,12566.76
2023-06-29,Store D,Galaxy S21,4,1488.13,5952.52
2023-07-26,Store C,OnePlus 9,8,674.26,5394.08
2023-10-30,Store A,OnePlus 9,9,707.97,6371.7300000000005
2023-05-07,Store A,iPhone 13,5,394.73,1973.65
2023-02-25,Store A,iPhone 13,18,831.36,14964.48
2023-08-02,Store B,iPhone 13,11,613.26,6745.86
2023-01-14,Store D,OnePlus 9,15,712.06,10680.9
2023-01-28,Store C,Galaxy S21,9,1301.49,11713.41
2023-03-19,Store D,Galaxy S21,17,1422.58,24183.86
2023-08-04,Store D,iPhone 13,12,522.88,6274.5599999999995
2023-06-03,Store D,Moto G100,7,747.01,5229.07
2023-01-14,Store A,Galaxy S21,10,1414.36,14143.599999999999
2023-07-06,Store C,OnePlus 9,10,374.17,3741.7000000000003
2023-11-08,Store C,Xiaomi Mi 11,13,410.83,5340.79
2023-01-07,Store D,Xiaomi Mi 11,19,495.35,9411.65
2023-01-03,Store A,Xiaomi Mi 11,11,1014.26,11156.86
2023-04-21,Store A,Moto G100,13,480.57,6247.41
2023-08-26,Store C,iPhone 13,8,1461.69,11693.52
2023-12-29,Store A,OnePlus 9,8,836.06,6688.48
2023-08-27,Store A,Moto G100,4,901.82,3607.28
2023-10-01,Store A,OnePlus 9,15,595.99,8939.85
2023-10-21,Store B,OnePlus 9,11,865.15,9516.65
2023-08-15,Store D,iPhone 13,11,1094.3,12037.3
2023-01-15,Store C,Xiaomi Mi 11,1,1201.41,1201.41
2023-07-11,Store C,iPhone 13,17,1204.64,20478.88
2023-04-29,Store B,Moto G100,15,993.47,14902.050000000001
2023-01-28,Store D,Moto G100,6,1385.23,8311.380000000001
2023-07-21,Store C,Moto G100,15,1280.89,19213.350000000002
2023-02-08,Store A,iPhone 13,9,1208.46,10876.14
2023-09-30,Store C,OnePlus 9,14,366.73,5134.22
2023-08-19,Store A,OnePlus 9,18,308.25,5548.5
2023-03-27,Store B,Galaxy S21,17,554.94,9433.980000000001
2023-05-06,Store A,Moto G100,18,1096.23,19732.14
2023-10-27,Store C,OnePlus 9,5,793.44,3967.2000000000003
2023-01-25,Store C,Galaxy S21,9,782.89,7046.01
2023-05-25,Store C,OnePlus 9,11,1361.5,14976.5
2023-01-13,Store B,Moto G100,1,1374.68,1374.68
2023-07-31,Store B,Xiaomi Mi 11,18,1391.01,25038.18
2023-01-25,Store D,Moto G100,6,676.65,4059.8999999999996
2023-03-09,Store C,iPhone 13,2,1129.27,2258.54
2023-03-08,Store A,OnePlus 9,15,625.96,9389.400000000001
2023-08-21,Store B,OnePlus 9,14,528.73,7402.22
2023-04-19,Store C,iPhone 13,5,521.56,2607.7999999999997
2023-05-26,Store C,iPhone 13,6,710.53,4263.18
2023-04-21,Store B,Xiaomi Mi 11,6,815.95,4895.700000000001
2023-08-16,Store D,OnePlus 9,18,1297.14,23348.52
2023-04-21,Store B,OnePlus 9,14,443.87,6214.18
2023-02-03,Store B,Xiaomi Mi 11,10,1181.91,11819.1
2023-04-21,Store A,Galaxy S21,14,937.75,13128.5
2023-09-21,Store A,Xiaomi Mi 11,13,645.53,8391.89
2023-08-24,Store D,Moto G100,3,891.38,2674.14
2023-03-24,Store C,OnePlus 9,6,659.93,3959.58
2023-02-11,Store B,iPhone 13,8,1015.3,8122.4
2023-04-11,Store D,Moto G100,12,820.61,9847.32
2023-01-06,Store A,OnePlus 9,13,497.29,6464.77
2023-06-29,Store B,Xiaomi Mi 11,11,439.9,4838.9
2023-10-09,Store C,Moto G100,12,956.03,11472.36
2023-11-16,Store A,OnePlus 9,1,1382.9,1382.9
2023-08-14,Store A,Galaxy S21,17,712.75,12116.75
2023-11-11,Store A,Galaxy S21,16,1179.6,18873.6
2023-08-17,Store D,iPhone 13,11,1090.39,11994.29
2023-10-16,Store C,OnePlus 9,13,1417.87,18432.309999999998
2023-05-30,Store B,Galaxy S21,18,1285.18,23133.24
2023-10-04,Store D,Xiaomi Mi 11,11,979.93,10779.23
2023-07-17,Store D,OnePlus 9,12,1088.44,13061.28
2023-03-11,Store D,Xiaomi Mi 11,6,1378.06,8268.36
2023-04-22,Store A,Xiaomi Mi 11,9,779.42,7014.78
2023-01-04,Store C,Galaxy S21,16,692.15,11074.4
2023-12-16,Store D,OnePlus 9,4,312.97,1251.88
2023-11-27,Store B,Moto G100,3,1291.86,3875.58
2023-11-14,Store C,Galaxy S21,16,1261.18,20178.88
2023-12-16,Store B,Galaxy S21,12,425.35,5104.200000000001
2023-04-05,Store C,OnePlus 9,11,992.23,10914.53
2023-06-01,Store B,OnePlus 9,5,856.78,4283.9
2023-11-07,Store A,Xiaomi Mi 11,18,442.45,7964.099999999999
2023-05-17,Store D,OnePlus 9,19,1476.68,28056.920000000002
2023-09-04,Store B,Xiaomi Mi 11,6,557.64,3345.84
2023-08-31,Store C,Galaxy S21,18,380.68,6852.24
2023-01-31,Store D,iPhone 13,6,1013.82,6082.92
2023-02-09,Store D,Moto G100,4,1186.64,4746.56
2023-08-17,Store C,Galaxy S21,12,338.93,4067.16
2023-02-05,Store B,OnePlus 9,19,1090.46,20718.74
2023-08-11,Store A,Moto G100,2,938.75,1877.5
2023-01-06,Store A,iPhone 13,17,423.92,7206.64
2023-11-18,Store B,iPhone 13,11,507.03,5577.33
2023-08-08,Store D,Xiaomi Mi 11,11,981.57,10797.27
2023-03-16,Store D,Moto G100,16,655.63,10490.08
2023-01-04,Store D,Xiaomi Mi 11,2,1425.98,2851.96
2023-12-01,Store D,Galaxy S21,2,1282.49,2564.98
2023-05-14,Store B,Moto G100,8,1480.28,11842.24
2023-04-28,Store D,Galaxy S21,13,611.61,7950.93
2023-04-04,Store C,Xiaomi Mi 11,10,1463.67,14636.7
2023-03-03,Store D,Moto G100,8,817.48,6539.84
2023-07-13,Store A,Xiaomi Mi 11,4,717.02,2868.08
2023-12-01,Store D,Moto G100,15,360.42,5406.3
2023-07-22,Store B,Xiaomi Mi 11,1,363.32,363.32
2023-01-26,Store A,iPhone 13,11,1130.41,12434.51
2023-06-22,Store B,Xiaomi Mi 11,7,849.51,5946.57
2023-10-27,Store B,iPhone 13,17,571.83,9721.11
2023-05-13,Store A,Xiaomi Mi 11,18,1036.76,18661.68
2023-11-22,Store B,Moto G100,12,603.43,7241.16
2023-04-28,Store B,Moto G100,9,993.16,8938.44
2023-11-20,Store D,Moto G100,5,731.05,3655.25
2023-10-02,Store C,OnePlus 9,10,1288.26,12882.6
2023-07-31,Store B,Galaxy S21,4,1284.84,5139.36
2023-08-13,Store B,Moto G100,5,872.82,4364.1
2023-01-20,Store B,iPhone 13,10,720.98,7209.8
2023-04-23,Store D,Moto G100,11,735.07,8085.77
2023-05-20,Store C,OnePlus 9,10,1266.86,12668.599999999999
2023-02-16,Store A,iPhone 13,8,693.82,5550.56
2023-01-01,Store D,OnePlus 9,2,550.87,1101.74
2023-03-31,Store D,iPhone 13,8,401.63,3213.04
2023-05-22,Store C,Xiaomi Mi 11,16,860.03,13760.48
2023-11-16,Store C,Galaxy S21,5,878.56,4392.799999999999
2023-02-07,Store D,Galaxy S21,3,1309.09,3927.2699999999995
2023-10-20,Store A,OnePlus 9,12,565.49,6785.88
2023-05-19,Store D,Galaxy S21,13,757.19,9843.470000000001
2023-12-22,Store C,OnePlus 9,13,1270.09,16511.17
2023-11-29,Store A,OnePlus 9,10,1288.35,12883.5
2023-09-16,Store C,OnePlus 9,4,761.53,3046.12
2023-06-10,Store A,Galaxy S21,9,850.95,7658.55
2023-06-27,Store B,OnePlus 9,2,663.94,1327.88
2023-01-10,Store C,Galaxy S21,19,1419.07,26962.329999999998
2023-09-18,Store C,OnePlus 9,1,442.37,442.37
2023-05-18,Store D,Moto G100,7,1420.5,9943.5
